n,capacity,algorithm,value,time_seconds,accuracy_gap_percent
100,500,DP exact,36780,0.0026103999989572912,0.0
100,500,Greedy density,36664,4.6900007873773575e-05,0.3153887982599239
100,500,Greedy value,32962,2.0700012100860476e-05,10.380641653072322
1000,1000,DP exact,108201,0.05201620000298135,0.0
1000,1000,Greedy density,108147,0.00017250000382773578,0.049907117309451854
1000,1000,Greedy value,39993,0.00013890000991523266,63.0382343970943
10000,2000,DP exact,TIMEOUT,0.0,
10000,2000,Greedy density,325872,0.001934100000653416,0.0
10000,2000,Greedy value,41892,0.0015150999970501289,87.14464575047872
