strategy,chunker,scoring,budget_ratio,budget,document_count,evidence_count,chunk_count,avg_chunk_tokens,evidence_term_recall,complete_evidence_rate,avg_used_tokens,budget_utilization,over_budget_rate,total_value,redundancy_score,latency_seconds
budget-top-k,semantic-threshold,hybrid,0.009995059705269246,1659,8,24,711,233.55133614627286,1.0,1.0,1647.25,0.99291742013261,0.0,4.98395228512348,0.04389810709927491,0.0001728208335407544
budget-top-k,semantic-threshold,hybrid,0.029997228615151042,4979,8,24,711,233.55133614627286,1.0,1.0,4960.666666666667,0.9963178683805313,0.0,13.070864004699539,0.04357025527675065,0.00017945833315025084
budget-top-k,semantic-threshold,hybrid,0.04999939752503284,8299,8,24,711,233.55133614627286,1.0,1.0,8286.75,0.9985239185444029,0.0,20.06096983030312,0.04234255344082171,0.00023830833348862748
greedy-density,semantic-threshold,hybrid,0.009995059705269246,1659,8,24,711,233.55133614627286,0.7124647957008889,0.4583333333333333,1614.4166666666667,0.9731263813542296,0.0,7.527854382677957,0.027158218164489892,0.0002764333327528827
greedy-density,semantic-threshold,hybrid,0.029997228615151042,4979,8,24,711,233.55133614627286,0.8556563383689344,0.5833333333333334,4919.583333333333,0.9880665461605408,0.0,18.199886641855375,0.025322951621663564,0.00028901666579865076
greedy-density,semantic-threshold,hybrid,0.04999939752503284,8299,8,24,711,233.55133614627286,0.8795492856993818,0.6666666666666666,8243.666666666666,0.9933325300236976,0.0,27.666975589332164,0.023601061512251168,0.00027114583372167544
knapsack,semantic-threshold,hybrid,0.009995059705269246,1659,8,24,711,233.55133614627286,0.7288978569029719,0.4583333333333333,1656.5833333333333,0.9985432991762105,0.0,7.665419247105415,0.0265937576508532,0.02616179166701234
knapsack,semantic-threshold,hybrid,0.029997228615151042,4979,8,24,711,233.55133614627286,0.8517500883689344,0.5833333333333334,4977.875,0.9997740510142599,0.0,18.362979866552102,0.025297119431852522,0.09055594583333004
knapsack,semantic-threshold,hybrid,0.04999939752503284,8299,8,24,711,233.55133614627286,0.8853585805711767,0.7083333333333334,8298.541666666666,0.9999447724625457,0.0,27.80039739727975,0.02358933535096748,0.18194894999942335
