method,baseline,compared,wins,ties,losses,win_rate
full-context,only-longllmlingua-rate050,0,0,0,0,0.0
production-rag-50,only-longllmlingua-rate050,0,0,0,0,0.0
similarity-knapsack-50,only-longllmlingua-rate050,0,0,0,0,0.0
hybrid-greedy-50,only-longllmlingua-rate050,0,0,0,0,0.0
hybrid-knapsack-50,only-longllmlingua-rate050,0,0,0,0,0.0
tokenpack-50,only-longllmlingua-rate050,0,0,0,0,0.0
tokenpack-50+longllmlingua-rate050,only-longllmlingua-rate050,0,0,0,0,0.0
tokenpack-60+longllmlingua-rate050,only-longllmlingua-rate050,0,0,0,0,0.0
tokenpack-50+longllmlingua-rate065,only-longllmlingua-rate050,0,0,0,0,0.0
