chunker,scoring,budget_ratio,budget,document_count,evidence_count,chunk_count,avg_chunk_tokens,evidence_term_recall,complete_evidence_rate,avg_used_tokens,budget_utilization,redundancy_score,latency_seconds
paragraph,cosine,0.009998970239934095,971,4,12,146,665.6095890410959,0.3647833117999714,0.16666666666666666,891.0,0.9176107106076209,0.020558126202261436,0.002954491666969261
paragraph,cosine,0.029996910719802285,2913,4,12,146,665.6095890410959,0.8091309422750425,0.6666666666666666,2844.4166666666665,0.9764561162604415,0.033832594483002625,0.020238333333206054
paragraph,cosine,0.049994851199670474,4855,4,12,146,665.6095890410959,0.9400537634408601,0.8333333333333334,4829.0,0.9946446961894954,0.04096528612509647,0.03713698333558568
semantic-threshold,cosine,0.009998970239934095,971,4,12,264,368.06060606060606,0.45123942572000725,0.25,965.0833333333334,0.993906625472022,0.018630543113497496,0.009549191667247214
semantic-threshold,cosine,0.029996910719802285,2913,4,12,264,368.06060606060606,0.6985479265004945,0.4166666666666667,2911.1666666666665,0.9993706373726972,0.02220654925708448,0.041545100001409686
semantic-threshold,cosine,0.049994851199670474,4855,4,12,264,368.06060606060606,0.7383587205451595,0.5,4853.0,0.9995880535530381,0.020757171658169985,0.07626739999917238
structure-aware,cosine,0.009998970239934095,971,4,12,146,665.6095890410959,0.3647833117999714,0.16666666666666666,891.0,0.9176107106076209,0.020558126202261436,0.0038512499995704275
structure-aware,cosine,0.029996910719802285,2913,4,12,146,665.6095890410959,0.8091309422750425,0.6666666666666666,2844.4166666666665,0.9764561162604415,0.033832594483002625,0.02600811666707159
structure-aware,cosine,0.049994851199670474,4855,4,12,146,665.6095890410959,0.9400537634408601,0.8333333333333334,4829.0,0.9946446961894954,0.04096528612509647,0.046790741665972746
